AccountNumber,LoanId,FirstName,LastName,AmountDue,DateDue,SSN
100001,001,John Snow,$100.00,20180715,1235
100002,002,Victor Snow,$200.00,20180715,1236
100003,003,London Snow,$300.00,20180715,1237
100004,004,Roman Snow,$4000.00,20180715,1238
100005,005,Xavier Snow,$50.00,20180715,1239
100006,006,Lucian Snow,$1000.00,20180715,1240
100007,007,Julian Snow,$100.00,20180715,1241
100008,008,Mathias Snow,$500.00,20180715,1242
100009,009,Deacon Snow,$1.00,20180715,1243
100010,010,Trent Snow,$100.00,20180715,1244
100011,011,Justice Snow,$600.00,20180715,1245
100012,012,Titus Snow,$700.00,20180715,1246
100013,013,Archer Snow,$800.00,20180715,1247
100014,014,Samuel Snow,$1000.00,20180715,1248
100015,015,Hunter Snow,$1400.00,20180715,1249
100016,016,Asher Snow,$70.00,20180715,1250
100017,017,Styx Snow,$90.00,20180715,1251
100018,018,Marius Snow,$900.00,20180715,1252
100019,019,Jonathan Snow,$10000.00,20180715,1253
100020,020,Gregory Snow,$300.00,20180715,1254
100021,021,Isaac Snow,$800.00,20180715,1255
100022,022,Nathaniel Snow,$900.00,20180715,1256
100023,023,Alexander Snow,$100.00,20180715,1257
100024,024,Mason Snow,$700.00,20180715,1258
100025,025,Baron Snow,$300.00,20180715,1259
100026,026,Gabriel Snow,$700.00,20180715,1260
100027,027,Erik Snow,$201.00,20180715,1261
100028,028,Constantine Snow,$100.00,20180715,1262
100029,029,Claudia Snow,$700.00,20180715,1263
100030,030,Victoria Snow,$300.00,20180715,1264
100031,031,John Rayne,$500.00,20180715,1265
100032,032,Victor Rayne,$500.00,20180715,1266
100033,033,London Rayne,$500.00,20180715,1267
100034,034,Roman Rayne,$200.00,20180715,1268
100035,035,Xavier Rayne,$500.00,20180715,1269
100036,036,Lucian Rayne,$500.00,20180715,1270
100037,037,Julian Rayne,$500.00,20180715,1271
100038,038,Mathias Rayne,$500.00,20180715,1272
100039,039,Deacon Rayne,$500.00,20180715,1273
100040,040,Trent Rayne,$500.00,20180715,1274
100041,041,Justice Rayne,$500.00,20180715,1275
100042,042,Titus Rayne,$500.00,20180715,1276
100043,043,Archer Rayne,$500.00,20180715,1277
100044,044,Samuel Rayne,$500.00,20180715,1278
100045,045,Hunter Rayne,$500.00,20180715,1279
100046,046,Asher Rayne,$400.00,20180715,1280
100047,047,Styx Rayne,$300.00,20180715,1281
100048,048,Marius Rayne,$300.00,20180715,1282
100049,049,Jonathan Rayne,$500.00,20180715,1283
100050,050,Gregory Rayne,$500.00,20180715,1284
100051,051,Isaac Rayne,$500.00,20180715,1285
100052,052,Nathaniel Rayne,$500.00,20180715,1286
100053,053,Alexander Rayne,$500.00,20180715,1287
100054,054,Mason Rayne,$500.00,20180715,1288
100055,055,Baron Rayne,$300.00,20180715,1289
100056,056,Gabriel Rayne,$500.00,20180715,1290
100057,057,Erik Rayne,$500.00,20180715,1291
100058,058,Constantine Rayne,$500.00,20180715,1292
100059,059,Claudia Rayne,$500.00,20180715,1293
100060,060,Victoria Rayne,$500.00,20180715,1294
200061,001,John2 Storm,$45.00,20180715,1295
200062,002,Victor Storm,$145.00,20180715,1296
200063,003,London Storm,$205.00,20180715,1297
200064,004,Roman Storm,$245.00,20180715,1298
200065,005,Xavier Storm,$245.00,20180715,1299
200066,006,Lucian Storm,$155.00,20180715,1300
200067,007,Julian Storm,$240.00,20180715,1301
200068,008,Mathias Storm,$185.00,20180715,1302
200069,009,Deacon Storm,$195.00,20180715,1303
200070,010,Trent Storm,$175.00,20180715,1304
200071,011,Justice Storm,$166.00,20180715,1305
200072,012,Titus Storm,$260.00,20180715,1306
200073,013,Archer Storm,$215.00,20180715,1307
200074,014,Samuel Storm,$190.00,20180715,1308
200075,015,Hunter Storm,$100.00,20180715,1309
200076,016,Asher Storm,$445.00,20180715,1310
200077,017,Styx Storm,$345.00,20180715,1311
200078,018,Marius Storm,$335.00,20180715,1312
200079,019,Jonathan Storm,$115.00,20180715,1313
200080,020,Gregory Storm,$225.00,20180715,1314
200081,021,Isaac Storm,$150.00,20180715,1315
200082,022,Nathaniel Storm,$175.00,20180715,1316
200083,023,Alexander Storm,$205.00,20180715,1317
200084,024,Mason Storm,$205.00,20180715,1318
200085,025,Baron Storm,$333.00,20180715,1319
200086,026,Gabriel Storm,$111.00,20180715,1320
200087,027,Erik Storm,$101.00,20180715,1321
200088,028,Constantine Storm,$107.00,20180715,1322
200089,029,Claudia Storm,$108.00,20180715,1323
200090,030,Victoria Storm,$117.00,20180715,1324
200091,031,John Steele,$221.00,20180715,1325
200092,032,Victor Steele,$121.00,20180715,1326
200093,033,London Steele,$205.00,20180715,1327
200094,034,Roman Steele,$116.00,20180715,1328
200095,035,Xavier Steele,$216.00,20180715,1329
200096,036,Lucian Steele,$155.00,20180715,1330
200097,037,Julian Steele,$240.00,20180715,1331
200098,038,Mathias Steele,$185.00,20180715,1332
200099,039,Deacon Steele,$195.00,20180715,1333
200100,040,Trent Steele,$175.00,20180715,1334
200101,041,Justice Steele,$166.00,20180715,1335
200102,042,Titus Steele,$260.00,20180715,1336
200103,043,Archer Steele,$215.00,20180715,1337
200104,044,Samuel Steele,$190.00,20180715,1338
200105,045,Hunter Steele,$100.00,20180715,1339
200106,046,Asher Steele,$421.00,20180715,1340
200107,047,Styx Steele,$321.00,20180715,1341
200108,048,Marius Steele,$335.00,20180715,1342
200109,049,Jonathan Steele,$115.00,20180715,1343
200110,050,Gregory Steele,$225.00,20180715,1344
200111,051,Isaac Steele,$150.00,20180715,1345
200112,052,Nathaniel Steele,$175.00,20180715,1346
200113,053,Alexander Steele,$205.00,20180715,1347
200114,054,Mason Steele,$205.00,20180715,1348
200115,055,Baron Steele,$333.00,20180715,1349
200116,056,Gabriel Steele,$111.00,20180715,1350
200117,057,Erik Steele,$101.00,20180715,1351
200118,058,Constantine Steele,$107.00,20180715,1352
200119,059,Claudia Steele,$108.00,20180715,1353
200120,060,Victoria Steele,$117.00,20180715,1354
